timestamp,temperature 
"2018-01-01",21.4613
"2018-01-02",21.1622
"2018-01-03",19.401
"2018-01-04",18.0373
"2018-01-05",18.4811
"2018-01-06",19.4506
"2018-01-07",19.5701
"2018-01-08",19.6993
"2018-01-09",20.2425
"2018-01-10",19.2274
"2018-01-11",18.9885
"2018-01-12",18.6337
"2018-01-13",18.8648
"2018-01-14",19.5505
"2018-01-15",19.8333
"2018-01-16",20.0733
"2018-01-17",19.7387
"2018-01-18",20.5176
"2018-01-19",20.5888
"2018-01-20",20.0242
"2018-01-21",20.3047
"2018-01-22",19.6581
"2018-01-23",19.4919
"2018-01-24",19.8368
"2018-01-25",20.1841
"2018-01-26",20.4831
"2018-01-27",20.5041
"2018-01-28",20.8013
"2018-01-29",21.1941
"2018-01-30",21.2287
"2018-01-31",20.5685
"2018-02-01",20.4229
"2018-02-02",19.8131
"2018-02-03",20.4104
"2018-02-04",20.7349
"2018-02-05",20.5063
"2018-02-06",20.1597
"2018-02-07",20.1037
"2018-02-08",20.1481
"2018-02-09",20.4414
"2018-02-10",20.538
"2018-02-11",19.6328
"2018-02-12",19.712
"2018-02-13",19.479
"2018-02-14",19.0662
"2018-02-15",19.3863
"2018-02-16",19.6931
"2018-02-17",19.7307
"2018-02-18",19.5607
"2018-02-19",20.2816
"2018-02-20",20.3927
"2018-02-21",21.4793
"2018-02-22",21.212
"2018-02-23",21.6954
"2018-02-24",21.7911
"2018-02-25",22.3448
"2018-02-26",22.9028
"2018-02-27",22.008
"2018-02-28",22.225
"2018-03-01",19.8772
"2018-03-02",18.7737
"2018-03-03",19.041
"2018-03-04",17.6189
"2018-03-05",18.1168
"2018-03-06",18.7549
"2018-03-07",19.7955
"2018-03-08",20.5537
"2018-03-09",20.8098
"2018-03-10",20.3281
"2018-03-11",19.285
"2018-03-12",18.206
"2018-03-13",18.2641
"2018-03-14",19.3393
"2018-03-15",17.4882
"2018-03-16",18.3234
"2018-03-17",18.6958
"2018-03-18",19.2265
"2018-03-19",17.8409
"2018-03-20",17.3358
"2018-03-21",17.6898
"2018-03-22",17.9674
"2018-03-23",19.1131
"2018-03-24",19.4983
"2018-03-25",18.505
"2018-03-26",17.6097
"2018-03-27",17.7177
"2018-03-28",17.6649
"2018-03-29",17.8396
"2018-03-30",17.5035
"2018-03-31",18.1318
"2018-04-01",18.4625
"2018-04-02",18.2743
"2018-04-03",18.1093
"2018-04-04",18.0097
"2018-04-05",18.2438
"2018-04-06",18.0502
"2018-04-07",18.7259
"2018-04-08",17.8306
"2018-04-09",18.0156
"2018-04-10",18.7942
"2018-04-11",18.3362
"2018-04-12",17.9762
"2018-04-13",18.4271
"2018-04-14",18.1887
"2018-04-15",18.0267
"2018-04-16",17.6937
"2018-04-17",17.2443
"2018-04-18",17.8163
"2018-04-19",18.0782
"2018-04-20",18.1226
"2018-04-21",17.7438
"2018-04-22",17.3655
"2018-04-23",18.3645
"2018-04-24",17.1798
"2018-04-25",17.7335
"2018-04-26",18.2464
"2018-04-27",17.687
"2018-04-28",17.9016
"2018-04-29",17.8194
"2018-04-30",17.6001
"2018-05-01",16.9855
"2018-05-02",17.104
"2018-05-03",18.0693
"2018-05-04",18.0079
"2018-05-05",17.4079
"2018-05-06",17.9594
"2018-05-07",16.6738
"2018-05-08",17.7395
"2018-05-09",17.6899
"2018-05-10",17.5301
"2018-05-11",17.6602
"2018-05-12",18.9957
"2018-05-13",18.6834
"2018-05-14",18.5799
"2018-05-15",18.2037
"2018-05-16",17.6879
"2018-05-17",18.121
"2018-05-18",18.7693
"2018-05-19",17.7878
"2018-05-20",17.9625
"2018-05-21",17.0183
"2018-05-22",17.0792
"2018-05-23",17.0754
"2018-05-24",17.9633
"2018-05-25",18.0383
"2018-05-26",17.7321
"2018-05-27",17.8509
"2018-05-28",17.9398
"2018-05-29",17.1009
"2018-05-30",17.7344
"2018-05-31",17.3538
"2018-06-01",17.8592
"2018-06-02",18.4375
"2018-06-03",18.364
"2018-06-04",18.2055
"2018-06-05",17.9258
"2018-06-06",16.984
"2018-06-07",16.3288
"2018-06-08",16.8539
"2018-06-09",16.7404
"2018-06-10",17.1444
"2018-06-11",16.9597
"2018-06-12",16.0246
"2018-06-13",17.438
"2018-06-14",16.996
"2018-06-15",16.6378
"2018-06-16",17.3754
"2018-06-17",16.6919
"2018-06-18",16.3606
"2018-06-19",16.274
"2018-06-20",17.0715
"2018-06-21",17.0709
"2018-06-22",17.226
"2018-06-23",16.6394
"2018-06-24",16.8257
"2018-06-25",16.768
"2018-06-26",16.4653
"2018-06-27",16.9503
"2018-06-28",16.9773
"2018-06-29",16.5455
"2018-06-30",17.0688
"2018-07-01",16.8293
"2018-07-02",16.581
"2018-07-03",16.5741
"2018-07-04",15.8044
"2018-07-05",15.9757
"2018-07-06",15.8486
"2018-07-07",15.6212
"2018-07-08",16.1838
"2018-07-09",16.8656
"2018-07-10",16.4257
"2018-07-11",16.2824
"2018-07-12",16.4223
"2018-07-13",16.3289
"2018-07-14",16.0497
"2018-07-15",16.291
"2018-07-16",15.5332
"2018-07-17",15.646
"2018-07-18",16.4309
"2018-07-19",16.117
"2018-07-20",15.5035
"2018-07-21",15.0976
"2018-07-22",15.1137
"2018-07-23",15.4725
"2018-07-24",15.7451
"2018-07-25",15.4627
"2018-07-26",15.9766
"2018-07-27",16.6881
"2018-07-28",17.1186
"2018-07-29",16.5911
"2018-07-30",16.8536
"2018-07-31",17.0942
"2018-08-01",17.3198
"2018-08-02",17.6658
"2018-08-03",17.3545
"2018-08-04",17.0073
"2018-08-05",16.0603
"2018-08-06",16.4149
"2018-08-07",17.0029
"2018-08-08",16.9855
"2018-08-09",17.337
"2018-08-10",17.3204
"2018-08-11",16.187
"2018-08-12",16.0607
"2018-08-13",15.7904
"2018-08-14",16.2259
"2018-08-15",15.6282
"2018-08-16",16.1268
"2018-08-17",16.0044
"2018-08-18",15.6157
"2018-08-19",16.0528
"2018-08-20",16.0318
"2018-08-21",16.2882
"2018-08-22",17.4435
"2018-08-23",16.6816
"2018-08-24",17.119
"2018-08-25",17.0389
"2018-08-26",17.2518
"2018-08-27",16.8731
"2018-08-28",16.731
"2018-08-29",16.2062
"2018-08-30",16.4269
"2018-08-31",16.1765
"2018-09-01",16.1701
"2018-09-02",16.5773
"2018-09-03",16.6183
"2018-09-04",16.6762
"2018-09-05",17.1345
"2018-09-06",16.7939
"2018-09-07",17.1302
"2018-09-08",17.5075
"2018-09-09",18.0356
"2018-09-10",18.8254
"2018-09-11",18.2338
"2018-09-12",17.9265
"2018-09-13",18.137
"2018-09-14",18.6245
"2018-09-15",18.7496
"2018-09-16",18.6387
"2018-09-17",19.0668
"2018-09-18",18.749
"2018-09-19",18.3774
"2018-09-20",18.7817
"2018-09-21",18.6937
"2018-09-22",18.2951
"2018-09-23",18.3139
"2018-09-24",17.9599
"2018-09-25",18.3491
"2018-09-26",19.4679
"2018-09-27",18.4696
"2018-09-28",18.4423
"2018-09-29",19.3511
"2018-09-30",17.7344
"2018-10-01",18.0716
"2018-10-02",17.5534
"2018-10-03",18.8903
"2018-10-04",18.5694
"2018-10-05",18.6897
"2018-10-06",19.3312
"2018-10-07",19.7268
"2018-10-08",19.3729
"2018-10-09",18.5434
"2018-10-10",18.6449
"2018-10-11",19.2098
"2018-10-12",19.6423
"2018-10-13",20.3087
"2018-10-14",20.2606
"2018-10-15",20.5123
"2018-10-16",20.397
"2018-10-17",19.8941
"2018-10-18",18.6905
"2018-10-19",18.7486
"2018-10-20",19.1701
"2018-10-21",19.491
"2018-10-22",18.6492
"2018-10-23",16.7375
"2018-10-24",17.6519
"2018-10-25",16.6063
"2018-10-26",17.3214
"2018-10-27",17.3701
"2018-10-28",17.9409
"2018-10-29",18.3783
"2018-10-30",18.7473
"2018-10-31",18.4207
"2018-11-01",18.2185
"2018-11-02",18.4533
"2018-11-03",18.0895
"2018-11-04",19.2532
"2018-11-05",18.8349
"2018-11-06",18.9859
"2018-11-07",19.5339
"2018-11-08",19.8325
"2018-11-09",19.2222
"2018-11-10",18.7929
"2018-11-11",18.9501
"2018-11-12",18.9364
"2018-11-13",18.9115
"2018-11-14",19.0187
"2018-11-15",19.2255
"2018-11-16",19.8924
"2018-11-17",18.8633
"2018-11-18",19.0773
"2018-11-19",18.4184
"2018-11-20",17.1697
"2018-11-21",17.4857
"2018-11-22",17.8618
"2018-11-23",18.0773
"2018-11-24",18.4948
"2018-11-25",17.6614
"2018-11-26",17.8765
"2018-11-27",18.605
"2018-11-28",18.0884
"2018-11-29",17.4759
"2018-11-30",17.9927
"2018-12-01",17.2804
"2018-12-02",17.6414
"2018-12-03",18.4028
"2018-12-04",18.3558
"2018-12-05",18.3566
"2018-12-06",18.7677
"2018-12-07",18.9395
"2018-12-08",18.4536
"2018-12-09",18.7949
"2018-12-10",17.8124
"2018-12-11",16.6406
"2018-12-12",18.3051
"2018-12-13",18.0839
"2018-12-14",17.9086
"2018-12-15",17.6642
"2018-12-16",18.5441
"2018-12-17",18.552
"2018-12-18",19.1351
"2018-12-19",18.5924
"2018-12-20",18.1224
"2018-12-21",18.7894
"2018-12-22",18.7984
"2018-12-23",18.8159
"2018-12-24",18.5793
"2018-12-25",18.2451
"2018-12-26",18.3647
"2018-12-27",18.141
"2018-12-28",18.8224
"2018-12-29",18.4351
"2018-12-30",18.8489
"2018-12-31",18.1293
"2019-01-01",18.6567
"2019-01-02",19.8526
"2019-01-03",19.3502
"2019-01-04",17.7598
"2019-01-05",17.7759
"2019-01-06",19.0634
"2019-01-07",19.6576
"2019-01-08",19.088
"2019-01-09",20.4571
"2019-01-10",19.9461
"2019-01-11",19.9396
"2019-01-12",19.3256
"2019-01-13",19.5128
"2019-01-14",19.4651
"2019-01-15",18.8298
"2019-01-16",18.6783
"2019-01-17",19.7094
"2019-01-18",19.881
"2019-01-19",19.842
"2019-01-20",20.787
"2019-01-21",20.2907
"2019-01-22",19.6911
"2019-01-23",19.832
"2019-01-24",19.9396
"2019-01-25",20.324
"2019-01-26",19.8754
"2019-01-27",20.4726
"2019-01-28",19.8579
"2019-01-29",19.8763
"2019-01-30",20.0883
"2019-01-31",20.7405
"2019-02-01",20.4955
"2019-02-02",21.2333
"2019-02-03",21.5759
"2019-02-04",21.3573
"2019-02-05",20.0088
"2019-02-06",19.9926
"2019-02-07",20.3582
"2019-02-08",20.7358
"2019-02-09",20.3134
"2019-02-10",19.8512
"2019-02-11",20.2638
"2019-02-12",20.1182
"2019-02-13",19.8988
"2019-02-14",19.7248
"2019-02-15",20.4834
"2019-02-16",20.2211
"2019-02-17",20.5873
"2019-02-18",22.1582
"2019-02-19",22.0075
"2019-02-20",21.0579
"2019-02-21",19.407
"2019-02-22",19.8903
"2019-02-23",20.2682
"2019-02-24",19.8726
"2019-02-25",21.0294
"2019-02-26",21.5404
"2019-02-27",21.0099
"2019-02-28",21.7946
"2019-03-01",22.8611
"2019-03-02",23.1346
"2019-03-03",22.7528
"2019-03-04",22.1076
"2019-03-05",21.3002
"2019-03-06",22.4118
"2019-03-07",22.4703
"2019-03-08",21.8983
"2019-03-09",21.6859
"2019-03-10",21.3123
"2019-03-11",21.3424
"2019-03-12",22.009
"2019-03-13",21.6832
"2019-03-14",20.8519
"2019-03-15",20.6238
"2019-03-16",21.1601
"2019-03-17",21.762
"2019-03-18",22.0743
"2019-03-19",22.031
"2019-03-20",21.8887
"2019-03-21",22.0525
"2019-03-22",22.321
"2019-03-23",21.7486
"2019-03-24",21.5268
"2019-03-25",22.2607
"2019-03-26",22.7406
"2019-03-27",21.2058
"2019-03-28",20.4855
"2019-03-29",21.5007
"2019-03-30",21.543
"2019-03-31",22.1013
"2019-04-01",20.8271
"2019-04-02",21.2945
"2019-04-03",21.3794
"2019-04-04",20.2006
"2019-04-05",20.0279
"2019-04-06",20.6862
"2019-04-07",20.7101
"2019-04-08",21.7764
"2019-04-09",21.1749
"2019-04-10",21.6227
"2019-04-11",20.4174
"2019-04-12",20.5895
"2019-04-13",20.6239
"2019-04-14",20.5936
"2019-04-15",21.0164
"2019-04-16",21.6721
"2019-04-17",21.7698
"2019-04-18",21.8276
"2019-04-19",21.7525
"2019-04-20",21.9635
"2019-04-21",22.0352
"2019-04-22",21.6822
"2019-04-23",20.6756
"2019-04-24",20.8281
"2019-04-25",19.611
"2019-04-26",19.3009
"2019-04-27",18.9615
"2019-04-28",20.2059
"2019-04-29",19.416
"2019-04-30",19.0433
"2019-05-01",19.7813
"2019-05-02",20.2663
"2019-05-03",19.987
"2019-05-04",19.5892
"2019-05-05",18.7753
"2019-05-06",19.508
"2019-05-07",19.4982
"2019-05-08",18.7432
"2019-05-09",19.1439
"2019-05-10",18.7889
"2019-05-11",18.2698
"2019-05-12",18.3282
"2019-05-13",18.0904
"2019-05-14",18.5435
"2019-05-15",18.9687
"2019-05-16",19.1801
"2019-05-17",18.6959
"2019-05-18",16.5639
"2019-05-19",18.0192
"2019-05-20",18.1664
"2019-05-21",18.6002
"2019-05-22",18.4129
"2019-05-23",17.9791
"2019-05-24",17.387
"2019-05-25",16.9531
"2019-05-26",17.0637
"2019-05-27",17.9756
"2019-05-28",17.9339
"2019-05-29",17.4
"2019-05-30",18.1555
"2019-05-31",18.3459
"2019-06-01",18.7139
"2019-06-02",18.4774
"2019-06-03",17.8958
"2019-06-04",17.4559
"2019-06-05",16.9918
"2019-06-06",17.6315
"2019-06-07",17.9386
"2019-06-08",18.2269
"2019-06-09",17.1334
"2019-06-10",17.108
"2019-06-11",17.2653
"2019-06-12",17.7244
"2019-06-13",18.0801
"2019-06-14",17.7042
"2019-06-15",17.5985
"2019-06-16",18.174
"2019-06-17",17.7907
"2019-06-18",17.4259
"2019-06-19",18.059
"2019-06-20",18.1548
"2019-06-21",16.9093
"2019-06-22",18.0783
"2019-06-23",17.384
"2019-06-24",17.9013
"2019-06-25",17.4286
"2019-06-26",17.6525
"2019-06-27",18.0988
"2019-06-28",18.1428
"2019-06-29",17.9295
"2019-06-30",17.728
"2019-07-01",18.4324
"2019-07-02",18.5411
"2019-07-03",17.7815
"2019-07-04",17.9228
"2019-07-05",17.9436
"2019-07-06",17.3984
"2019-07-07",17.9157
"2019-07-08",17.4185
"2019-07-09",17.9266
"2019-07-10",18.4083
"2019-07-11",18.2419
"2019-07-12",18.5882
"2019-07-13",17.952
"2019-07-14",17.9522
"2019-07-15",16.9052
"2019-07-16",16.9404
"2019-07-17",16.4672
"2019-07-18",17.0949
"2019-07-19",16.4539
"2019-07-20",16.9022
"2019-07-21",18.139
"2019-07-22",17.6035
"2019-07-23",17.911
"2019-07-24",18.8781
"2019-07-25",19.0846
"2019-07-26",18.7128
"2019-07-27",17.7952
"2019-07-28",17.4919
"2019-07-29",18.0082
"2019-07-30",16.8577
"2019-07-31",17.7904
"2019-08-01",18.8756
"2019-08-02",18.0899
"2019-08-03",17.9505
"2019-08-04",18.2388
"2019-08-05",18.5283
"2019-08-06",19.2093
"2019-08-07",17.9734
"2019-08-08",18.0697
"2019-08-09",17.9425
"2019-08-10",17.296
"2019-08-11",17.1638
"2019-08-12",16.9656
"2019-08-13",18.3154
"2019-08-14",17.2671
"2019-08-15",16.4939
"2019-08-16",16.3391
"2019-08-17",17.2783
"2019-08-18",18.2221
"2019-08-19",17.0252
"2019-08-20",17.2903
"2019-08-21",17.0186
"2019-08-22",17.4709
"2019-08-23",18.4887
"2019-08-24",17.4001
"2019-08-25",17.9363
"2019-08-26",18.4139
"2019-08-27",18.6627
"2019-08-28",17.9095
"2019-08-29",18.5321
"2019-08-30",18.1819
"2019-08-31",18.2026
"2019-09-01",18.4118
"2019-09-02",18.1723
"2019-09-03",18.4788
"2019-09-04",17.77
"2019-09-05",17.1117
"2019-09-06",17.7465
"2019-09-07",16.6821
"2019-09-08",16.054
"2019-09-09",17.1927
"2019-09-10",16.8742
"2019-09-11",18.016
"2019-09-12",18.4791
"2019-09-13",18.9799
"2019-09-14",19.4001
"2019-09-15",19.3284
"2019-09-16",18.8391
"2019-09-17",18.8698
"2019-09-18",18.8097
"2019-09-19",18.6232
"2019-09-20",18.5693
"2019-09-21",18.9512
"2019-09-22",18.8852
"2019-09-23",19.2096
"2019-09-24",18.9901
"2019-09-25",19.5967
"2019-09-26",17.5884
"2019-09-27",17.5557
"2019-09-28",19.6864
"2019-09-29",19.7629
"2019-09-30",20.4448
"2019-10-01",19.2696
"2019-10-02",18.2079
"2019-10-03",18.7226
"2019-10-04",17.621
"2019-10-05",17.5776
"2019-10-06",17.0392
"2019-10-07",17.659
"2019-10-08",18.4762
"2019-10-09",18.1017
"2019-10-10",17.7398
"2019-10-11",17.3951
"2019-10-12",17.5931
"2019-10-13",17.3145
"2019-10-14",17.7875
"2019-10-15",19.1562
"2019-10-16",19.3914
"2019-10-17",17.1479
"2019-10-18",17.1141
"2019-10-19",17.0712
"2019-10-20",18.0322
"2019-10-21",18.5766
"2019-10-22",18.9977
"2019-10-23",18.3654
"2019-10-24",18.2546
"2019-10-25",17.6758
"2019-10-26",17.0152
"2019-10-27",18.4008
"2019-10-28",18.1811
"2019-10-29",18.3474
"2019-10-30",17.579
"2019-10-31",17.4734
"2019-11-01",18.2353
"2019-11-02",18.2346
"2019-11-03",18.3792
"2019-11-04",18.8149
"2019-11-05",19.0294
"2019-11-06",18.8844
"2019-11-07",18.2999
"2019-11-08",18.4158
"2019-11-09",18.8556
"2019-11-10",18.7188
"2019-11-11",18.3254
"2019-11-12",18.1574
"2019-11-13",17.1537
"2019-11-14",17.347
"2019-11-15",18.3335
"2019-11-16",18.7467
"2019-11-17",18.7995
"2019-11-18",18.3422
"2019-11-19",18.1593
"2019-11-20",18.833
"2019-11-21",18.9083
"2019-11-22",18.7271
"2019-11-23",17.2353
"2019-11-24",17.8305
"2019-11-25",17.2619
"2019-11-26",17.2622
"2019-11-27",18.1144
"2019-11-28",18.1075
"2019-11-29",17.7889
"2019-11-30",17.7205
"2019-12-01",17.6841
"2019-12-02",17.4028
"2019-12-03",17.3496
"2019-12-04",18.3008
"2019-12-05",17.3678
"2019-12-06",18.6916
"2019-12-07",18.383
"2019-12-08",18.1465
"2019-12-09",17.7284
"2019-12-10",17.0404
"2019-12-11",17.5785
"2019-12-12",17.5201
"2019-12-13",17.7071
"2019-12-14",17.7003
"2019-12-15",17.3236
"2019-12-16",18.5173
"2019-12-17",18.4717
"2019-12-18",18.5343
"2019-12-19",18.0248
"2019-12-20",18.2021
"2019-12-21",17.871
"2019-12-22",18.0631
"2019-12-23",17.7334
"2019-12-24",18.1427
"2019-12-25",19.048
"2019-12-26",18.5897
"2019-12-27",18.9211
"2019-12-28",18.0572
"2019-12-29",18.399
"2019-12-30",18.8149
"2019-12-31",18.3612
"2020-01-01",18.3306
"2020-01-02",17.8933
"2020-01-03",18.2706
"2020-01-04",18.1658
"2020-01-05",19.0067
"2020-01-06",19.0099
"2020-01-07",17.9884
"2020-01-08",17.6395
"2020-01-09",18.4056
"2020-01-10",18.9215
"2020-01-11",19.28
"2020-01-12",18.9537
"2020-01-13",17.4733
"2020-01-14",18.4605
"2020-01-15",18.8745
"2020-01-16",18.7369
"2020-01-17",18.9285
"2020-01-18",19.2795
"2020-01-19",19.6931
"2020-01-20",19.9207
"2020-01-21",20.038
"2020-01-22",19.9163
"2020-01-23",19.0248
"2020-01-24",18.5989
"2020-01-25",18.5382
"2020-01-26",17.4661
"2020-01-27",17.517
"2020-01-28",16.627
"2020-01-29",17.9883
"2020-01-30",17.887
"2020-01-31",18.4692
"2020-02-01",17.8259
"2020-02-02",18.0593
"2020-02-03",18.4942
"2020-02-04",18.7406
"2020-02-05",18.9695
"2020-02-06",18.7554
"2020-02-07",19.1422
"2020-02-08",18.4387
"2020-02-09",18.6797
"2020-02-10",19.3722
"2020-02-11",20.3329
"2020-02-12",19.8831
"2020-02-13",18.7102
"2020-02-14",18.491
"2020-02-15",18.0464
"2020-02-16",17.7357
"2020-02-17",19.044
"2020-02-18",19.1059
"2020-02-19",18.5973
"2020-02-20",20.1148
"2020-02-21",19.8347
"2020-02-22",19.7111
"2020-02-23",19.3253
"2020-02-24",19.0205
"2020-02-25",20.7668
"2020-02-26",19.9028
"2020-02-27",19.242
"2020-02-28",20.3431
"2020-02-29",20.5168
"2020-03-01",20.8441
"2020-03-02",18.9714
"2020-03-03",19.4327
"2020-03-04",19.6195
"2020-03-05",20.1849
"2020-03-06",20.6433
"2020-03-07",20.0827
"2020-03-08",19.804
"2020-03-09",19.8779
"2020-03-10",19.7468
"2020-03-11",19.4614
"2020-03-12",19.7998
"2020-03-13",19.238
"2020-03-14",19.4793
"2020-03-15",20.3529
"2020-03-16",20.4571
"2020-03-17",19.5639
"2020-03-18",18.4465
"2020-03-19",18.9683
"2020-03-20",18.7697
"2020-03-21",19.23
"2020-03-22",19.1831
"2020-03-23",18.9255
"2020-03-24",19.3736
"2020-03-25",19.8106
"2020-03-26",19.4847
"2020-03-27",18.0842
"2020-03-28",17.8698
"2020-03-29",18.5003
"2020-03-30",19.2413
"2020-03-31",19.2595
"2020-04-01",19.5015
"2020-04-02",19.5246
"2020-04-03",18.9122
"2020-04-04",18.9885
"2020-04-05",18.7388
"2020-04-06",18.8224
"2020-04-07",18.6857
"2020-04-08",19.4823
"2020-04-09",19.3739
"2020-04-10",19.6262
"2020-04-11",19.7554
"2020-04-12",19.7299
"2020-04-13",19.5375
"2020-04-14",18.8507
"2020-04-15",19.3942
"2020-04-16",19.6722
"2020-04-17",19.4904
"2020-04-18",18.727
"2020-04-19",18.1974
"2020-04-20",17.9234
"2020-04-21",17.5611
"2020-04-22",17.7221
"2020-04-23",17.3167
"2020-04-24",18.0211
"2020-04-25",17.866
"2020-04-26",18.7258
"2020-04-27",18.718
"2020-04-28",18.2272
"2020-04-29",18.1011
"2020-04-30",18.1818
"2020-05-01",18.7632
"2020-05-02",18.8657
"2020-05-03",18.3483
"2020-05-04",18.828
"2020-05-05",18.9044
"2020-05-06",18.2556
"2020-05-07",18.4286
"2020-05-08",18.3478
"2020-05-09",18.027
"2020-05-10",17.7364
"2020-05-11",17.4751
"2020-05-12",18.3402
"2020-05-13",18.9397
"2020-05-14",19.4948
"2020-05-15",17.8383
"2020-05-16",18.3528
"2020-05-17",18.5186
"2020-05-18",18.1189
"2020-05-19",17.7569
"2020-05-20",18.0158
"2020-05-21",17.8667
"2020-05-22",17.8131
"2020-05-23",17.8752
"2020-05-24",17.9036
"2020-05-25",18.2476
"2020-05-26",18.0932
"2020-05-27",19.3455
"2020-05-28",18.7467
"2020-05-29",18.2362
"2020-05-30",18.3274
"2020-05-31",17.8392
"2020-06-01",17.8961
"2020-06-02",18.0029
"2020-06-03",18.072
"2020-06-04",18.4042
"2020-06-05",18.5893
"2020-06-06",18.4823
"2020-06-07",17.8966
"2020-06-08",16.9478
"2020-06-09",17.7517
"2020-06-10",16.814
"2020-06-11",17.5396
"2020-06-12",17.7221
"2020-06-13",17.295
"2020-06-14",17.1628
"2020-06-15",16.6369
"2020-06-16",17.2189
"2020-06-17",17.0983
"2020-06-18",17.0346
"2020-06-19",17.6839
"2020-06-20",17.8168
"2020-06-21",17.5873
"2020-06-22",17.5873
"2020-06-23",17.9763
"2020-06-24",17.9524
"2020-06-25",17.7627
"2020-06-26",17.2013
"2020-06-27",17.1301
"2020-06-28",17.3632
"2020-06-29",17.2123
"2020-06-30",16.9758
"2020-07-01",16.6449
"2020-07-02",16.8594
"2020-07-03",16.6025
"2020-07-04",16.9212
"2020-07-05",16.8081
"2020-07-06",17.0675
"2020-07-07",17.3679
"2020-07-08",17.553
"2020-07-09",16.9945
"2020-07-10",16.4647
"2020-07-11",16.3871
"2020-07-12",17.6849
"2020-07-13",16.5591
"2020-07-14",16.9258
"2020-07-15",16.384
"2020-07-16",15.9292
"2020-07-17",16.5587
"2020-07-18",16.4529
"2020-07-19",16.3378
"2020-07-20",15.8497
"2020-07-21",16.799
"2020-07-22",17.7447
"2020-07-23",17.5919
"2020-07-24",16.8777
"2020-07-25",16.9246
"2020-07-26",16.8048
"2020-07-27",16.2917
"2020-07-28",16.4489
"2020-07-29",17.2241
"2020-07-30",17.1524
"2020-07-31",17.5231
"2020-08-01",17.4751
"2020-08-02",16.3585
"2020-08-03",15.8157
"2020-08-04",16.6488
"2020-08-05",17.1786
"2020-08-06",18.1316
"2020-08-07",18.4071
"2020-08-08",17.7594
"2020-08-09",17.0703
"2020-08-10",17.7018
"2020-08-11",18.6496
"2020-08-12",17.4645
"2020-08-13",18.1306
"2020-08-14",17.6441
"2020-08-15",18.7084
"2020-08-16",16.9717
"2020-08-17",17.0213
"2020-08-18",17.9955
"2020-08-19",17.1106
"2020-08-20",17.1783
"2020-08-21",16.8745
"2020-08-22",16.5417
"2020-08-23",16.7342
"2020-08-24",16.8555
"2020-08-25",17.6003
"2020-08-26",16.8911
"2020-08-27",17.3254
"2020-08-28",18.1793
"2020-08-29",18.7018
"2020-08-30",18.8451
"2020-08-31",18.3724
"2020-09-01",18.1065
"2020-09-02",17.5616
"2020-09-03",17.4354
"2020-09-04",18.1959
"2020-09-05",17.5842
"2020-09-06",15.8987
"2020-09-07",15.8421
"2020-09-08",16.4273
"2020-09-09",16.4192
"2020-09-10",16.6544
"2020-09-11",16.6693
"2020-09-12",17.2775
"2020-09-13",17.8573
"2020-09-14",17.7796
"2020-09-15",18.2803
"2020-09-16",18.9418
"2020-09-17",18.9709
"2020-09-18",18.3696
"2020-09-19",17.7636
"2020-09-20",17.8422
"2020-09-21",18.0159
"2020-09-22",18.6643
"2020-09-23",18.2993
"2020-09-24",18.1485
"2020-09-25",17.6139
"2020-09-26",18.0494
"2020-09-27",19.1365
"2020-09-28",18.9249
"2020-09-29",19.1288
"2020-09-30",19.5579
"2020-10-01",19.2942
"2020-10-02",19.0699
"2020-10-03",19.7487
"2020-10-04",19.9644
"2020-10-05",20.0429
"2020-10-06",20.4897
"2020-10-07",20.4061
"2020-10-08",20.2528
"2020-10-09",20.6141
"2020-10-10",20.0606
"2020-10-11",19.9556
"2020-10-12",20.1044
"2020-10-13",20.7022
"2020-10-14",19.3775
"2020-10-15",20.1433
"2020-10-16",19.1848
"2020-10-17",19.5028
"2020-10-18",19.0728
"2020-10-19",18.8315
"2020-10-20",19.0149
"2020-10-21",19.7045
"2020-10-22",19.2104
"2020-10-23",19.7197
"2020-10-24",20.0997
"2020-10-25",18.3583
"2020-10-26",16.4309
"2020-10-27",17.1157
"2020-10-28",17.4058
"2020-10-29",17.3999
"2020-10-30",16.7046
"2020-10-31",17.2399
"2020-11-01",18.0302
"2020-11-02",18.2773
"2020-11-03",17.9986
"2020-11-04",18.2604
"2020-11-05",17.7972
"2020-11-06",18.0634
"2020-11-07",18.7018
"2020-11-08",18.7542
"2020-11-09",18.0311
"2020-11-10",18.5632
"2020-11-11",17.4562
"2020-11-12",18.6768
"2020-11-13",18.2957
"2020-11-14",17.8413
"2020-11-15",18.5819
"2020-11-16",18.4833
"2020-11-17",18.7207
"2020-11-18",19.1955
"2020-11-19",19.2561
"2020-11-20",19.1133
"2020-11-21",19.3061
"2020-11-22",19.2048
"2020-11-23",19.5935
"2020-11-24",19.6789
"2020-11-25",19.7948
"2020-11-26",19.6464
"2020-11-27",18.9457
"2020-11-28",17.2819
"2020-11-29",16.7793
"2020-11-30",19.0296
"2020-12-01",19.114
"2020-12-02",19.0376
"2020-12-03",18.6498
"2020-12-04",18.316
"2020-12-05",19.2974
"2020-12-06",18.8888
"2020-12-07",19.37
"2020-12-08",19.0831
"2020-12-09",18.4883
"2020-12-10",19.0187
"2020-12-11",19.0312
"2020-12-12",19.2814
"2020-12-13",18.7699
"2020-12-14",19.006
"2020-12-15",19.2862
"2020-12-16",19.2594
"2020-12-17",19.4118
"2020-12-18",19.2024
"2020-12-19",18.9989
"2020-12-20",18.795
"2020-12-21",19.0391
"2020-12-22",19.2897
"2020-12-23",18.9569
"2020-12-24",19.8274
"2020-12-25",20.1897
"2020-12-26",19.7045
"2020-12-27",19.4119
"2020-12-28",19.1516
"2020-12-29",19.3795
"2020-12-30",19.9723
"2020-12-31",17.2531
"2021-01-01",17.6409
"2021-01-02",18.8576
"2021-01-03",18.9175
"2021-01-04",19.0008
"2021-01-05",18.8403
"2021-01-06",19.3727
"2021-01-07",19.4032
"2021-01-08",19.6879
"2021-01-09",18.6566
"2021-01-10",17.6313
"2021-01-11",17.658
"2021-01-12",18.2452
"2021-01-13",18.8973
"2021-01-14",19.0858
"2021-01-15",19.4039
"2021-01-16",19.2447
"2021-01-17",19.7529
"2021-01-18",20.203
"2021-01-19",19.9423
"2021-01-20",20.1743
"2021-01-21",19.3276
"2021-01-22",18.5955
"2021-01-23",17.9053
"2021-01-24",18.7633
"2021-01-25",18.6
"2021-01-26",19.4184
"2021-01-27",19.4745
"2021-01-28",19.5884
"2021-01-29",19.6464
"2021-01-30",19.5039
"2021-01-31",19.4298
"2021-02-01",19.5918
"2021-02-02",20.2398
"2021-02-03",20.4108
"2021-02-04",20.7067
"2021-02-05",20.9393
"2021-02-06",19.3788
"2021-02-07",19.0436
"2021-02-08",16.643
"2021-02-09",18.2057
"2021-02-10",18.5757
"2021-02-11",18.3672
"2021-02-12",19.0419
"2021-02-13",18.5905
"2021-02-14",18.9683
"2021-02-15",19.9522
"2021-02-16",19.8761
"2021-02-17",20.1021
"2021-02-18",20.2393
"2021-02-19",20.6753
"2021-02-20",20.49
"2021-02-21",19.6721
"2021-02-22",18.9171
"2021-02-23",19.464
"2021-02-24",19.8928
"2021-02-25",19.7668
"2021-02-26",20.0835
"2021-02-27",20.7501
"2021-02-28",21.4039
"2021-03-01",20.9497
"2021-03-02",20.6037
"2021-03-03",20.9644
"2021-03-04",19.8307
"2021-03-05",20.5357
"2021-03-06",20.7491
"2021-03-07",20.6196
"2021-03-08",20.2534
"2021-03-09",20.1989
"2021-03-10",20.2388
"2021-03-11",20.9691
"2021-03-12",20.4728
"2021-03-13",20.7574
"2021-03-14",20.8724
"2021-03-15",20.659
"2021-03-16",19.9994
"2021-03-17",19.8705
"2021-03-18",20.3645
"2021-03-19",20.5161
"2021-03-20",20.1159
"2021-03-21",19.4939
"2021-03-22",20.1203
"2021-03-23",19.8648
"2021-03-24",19.7515
"2021-03-25",21.2169
"2021-03-26",20.3924
"2021-03-27",20.6516
"2021-03-28",20.2114
"2021-03-29",20.7008
"2021-03-30",19.9302
"2021-03-31",19.931
"2021-04-01",19.9507
"2021-04-02",20.3403
"2021-04-03",20.5267
"2021-04-04",19.8001
"2021-04-05",19.1002
"2021-04-06",18.9242
"2021-04-07",19.5017
"2021-04-08",18.0943
"2021-04-09",19.0413
"2021-04-10",18.573
"2021-04-11",18.9986
"2021-04-12",19.1602
"2021-04-13",18.9076
"2021-04-14",18.8304
"2021-04-15",18.7666
"2021-04-16",19.6861
"2021-04-17",19.578
"2021-04-18",18.4558
"2021-04-19",18.9601
"2021-04-20",18.7672
"2021-04-21",19.1858
"2021-04-22",19.0483
"2021-04-23",18.7443
"2021-04-24",19.1071
"2021-04-25",19.0391
"2021-04-26",19.0914
"2021-04-27",19.0777
"2021-04-28",18.8713
"2021-04-29",19.0134
"2021-04-30",19.5998
"2021-05-01",19.5895
"2021-05-02",19.686
"2021-05-03",18.852
"2021-05-04",18.7567
"2021-05-05",18.4417
"2021-05-06",18.8429
"2021-05-07",18.6004
"2021-05-08",18.4975
"2021-05-09",17.6186
"2021-05-10",17.1849
"2021-05-11",17.0984
"2021-05-12",16.7924
"2021-05-13",18.0433
"2021-05-14",18.2957
"2021-05-15",18.2929
"2021-05-16",18.6127
"2021-05-17",19.0381
"2021-05-18",19.2355
"2021-05-19",18.5213
"2021-05-20",18.9826
"2021-05-21",18.7561
"2021-05-22",18.3008
"2021-05-23",18.4755
"2021-05-24",18.1986
"2021-05-25",18.2905
"2021-05-26",17.8719
"2021-05-27",17.4046
"2021-05-28",17.6488
"2021-05-29",17.7101
"2021-05-30",17.3382
"2021-05-31",17.4862
"2021-06-01",17.2994
"2021-06-02",17.3614
"2021-06-03",17.8384
"2021-06-04",18.0406
"2021-06-05",17.3808
"2021-06-06",17.2298
"2021-06-07",17.1358
"2021-06-08",16.4226
"2021-06-09",16.0194
"2021-06-10",16.8221
"2021-06-11",17.0609
"2021-06-12",16.4977
"2021-06-13",16.4162
"2021-06-14",17.7
"2021-06-15",17.8543
"2021-06-16",17.1275
"2021-06-17",16.9387
"2021-06-18",17.7786
"2021-06-19",17.4034
"2021-06-20",16.3297
"2021-06-21",16.5214
"2021-06-22",16.1072
"2021-06-23",15.8905
"2021-06-24",16.725
"2021-06-25",16.519
"2021-06-26",16.8218
"2021-06-27",15.5535
"2021-06-28",16.4823
"2021-06-29",16.7753
"2021-06-30",17.1934
"2021-07-01",17.6964
"2021-07-02",16.6555
"2021-07-03",17.0608
"2021-07-04",17.2026
"2021-07-05",16.3912
"2021-07-06",16.2743
"2021-07-07",16.7485
"2021-07-08",16.1098
"2021-07-09",16.0305
"2021-07-10",15.6431
"2021-07-11",15.9848
"2021-07-12",15.0518
"2021-07-13",16.682
"2021-07-14",17.1741
"2021-07-15",16.343
"2021-07-16",17.1531
"2021-07-17",16.447
"2021-07-18",16.17
"2021-07-19",16.177
"2021-07-20",16.7525
"2021-07-21",16.4775
"2021-07-22",17.3918
"2021-07-23",17.1858
"2021-07-24",18.0076
"2021-07-25",16.7457
"2021-07-26",16.4802
"2021-07-27",16.4353
"2021-07-28",16.2394
"2021-07-29",15.9738
"2021-07-30",15.7991
"2021-07-31",16.1403
"2021-08-01",16.1202
"2021-08-02",16.4707
"2021-08-03",16.7155
"2021-08-04",16.2017
"2021-08-05",16.6911
"2021-08-06",16.5582
"2021-08-07",16.6831
"2021-08-08",17.156
"2021-08-09",18.0377
"2021-08-10",17.8598
"2021-08-11",16.1904
"2021-08-12",16.4729
"2021-08-13",16.8679
"2021-08-14",16.2328
"2021-08-15",16.6087
"2021-08-16",15.9631
"2021-08-17",16.8502
"2021-08-18",16.746
"2021-08-19",17.1939
"2021-08-20",16.9749
"2021-08-21",17.7986
"2021-08-22",18.3134
"2021-08-23",18.3659
"2021-08-24",17.7019
"2021-08-25",17.6343
"2021-08-26",17.3606
"2021-08-27",18.4955
"2021-08-28",19.2065
"2021-08-29",20.5622
"2021-08-30",20.3322
"2021-08-31",19.2318
"2021-09-01",18.5603
"2021-09-02",17.9262
"2021-09-03",17.4385
"2021-09-04",17.2564
"2021-09-05",17.3129
"2021-09-06",17.381
"2021-09-07",17.1618
"2021-09-08",17.9231
"2021-09-09",17.6886
"2021-09-10",16.7551
"2021-09-11",16.3097
"2021-09-12",16.8691
"2021-09-13",17.8388
"2021-09-14",18.1214
"2021-09-15",18.7226
"2021-09-16",18.7408
"2021-09-17",19.55
"2021-09-18",18.4384
"2021-09-19",19.3979
"2021-09-20",18.4304
"2021-09-21",18.4541
"2021-09-22",18.6458
"2021-09-23",17.2423
"2021-09-24",17.7859
"2021-09-25",18.5263
"2021-09-26",18.2586
"2021-09-27",19.0584
"2021-09-28",19.4964
"2021-09-29",19.8898
"2021-09-30",19.9316
"2021-10-01",18.7707
"2021-10-02",19.8712
"2021-10-03",20.1919
"2021-10-04",20.4029
"2021-10-05",20.1368
"2021-10-06",20.7866
"2021-10-07",20.8801
"2021-10-08",20.4058
"2021-10-09",18.7576
"2021-10-10",19.2737
"2021-10-11",19.4064
"2021-10-12",19.8566
"2021-10-13",18.5307
"2021-10-14",20.1079
"2021-10-15",20.181
"2021-10-16",19.5297
"2021-10-17",20.4176
"2021-10-18",20.3389
"2021-10-19",19.7185
"2021-10-20",18.8592
"2021-10-21",19.0012
"2021-10-22",19.8396
"2021-10-23",20.0066
"2021-10-24",20.765
"2021-10-25",20.5271
"2021-10-26",19.9961
"2021-10-27",19.311
"2021-10-28",20.3111
"2021-10-29",20.0079
"2021-10-30",18.9418
"2021-10-31",19.7045
"2021-11-01",19.8791
"2021-11-02",20.1317
"2021-11-03",20.0494
"2021-11-04",19.6454
"2021-11-05",19.4845
"2021-11-06",20.1525
"2021-11-07",20.6922
"2021-11-08",20.3076
"2021-11-09",20.6113
"2021-11-10",20.0632
"2021-11-11",20.473
"2021-11-12",19.8519
"2021-11-13",19.7572
"2021-11-14",19.258
"2021-11-15",19.504
"2021-11-16",19.2117
"2021-11-17",19.6204
"2021-11-18",19.9739
"2021-11-19",20.2496
"2021-11-20",19.813
"2021-11-21",19.3256
"2021-11-22",19.6114
"2021-11-23",20.4187
"2021-11-24",21.0361
"2021-11-25",20.5999
"2021-11-26",19.3508
"2021-11-27",17.7324
"2021-11-28",16.8241
"2021-11-29",17.295
"2021-11-30",16.5188
"2021-12-01",17.9138
"2021-12-02",17.1407
"2021-12-03",16.9511
"2021-12-04",17.3993
"2021-12-05",17.6388
"2021-12-06",18.0001
"2021-12-07",18.0528
"2021-12-08",18.2663
"2021-12-09",18.3612
"2021-12-10",18.4727
"2021-12-11",18.0387
"2021-12-12",17.325
"2021-12-13",17.0527
"2021-12-14",17.6183
"2021-12-15",17.5356
"2021-12-16",17.9156
"2021-12-17",18.3272
"2021-12-18",18.1791
"2021-12-19",18.617
"2021-12-20",18.5239
"2021-12-21",17.8271
"2021-12-22",18.2967
"2021-12-23",18.5342
"2021-12-24",18.8661
"2021-12-25",18.2242
"2021-12-26",17.9492
"2021-12-27",18.4293
"2021-12-28",18.8004
"2021-12-29",19.1952
"2021-12-30",19.3311
"2021-12-31",18.904
"2022-01-01",18.9985
"2022-01-02",19.2172
"2022-01-03",19.0139
"2022-01-04",19.4813
"2022-01-05",19.1463
"2022-01-06",18.8338
"2022-01-07",18.9425
"2022-01-08",19.1885
"2022-01-09",18.9509
"2022-01-10",19.4741
"2022-01-11",18.9658
"2022-01-12",18.5265
"2022-01-13",19.3062
"2022-01-14",20.3272
"2022-01-15",19.6914
"2022-01-16",19.7605
"2022-01-17",17.9354
"2022-01-18",17.7059
"2022-01-19",19.263
"2022-01-20",19.7254
"2022-01-21",19.4132
"2022-01-22",19.3262
"2022-01-23",19.2992
"2022-01-24",19.6429
"2022-01-25",19.8211
"2022-01-26",19.4774
"2022-01-27",19.3776
"2022-01-28",20.9466
"2022-01-29",19.9356
"2022-01-30",20.1986
"2022-01-31",19.8252
"2022-02-01",20.0723
"2022-02-02",19.8633
"2022-02-03",19.7751
"2022-02-04",19.8393
"2022-02-05",20.3958
"2022-02-06",20.7561
"2022-02-07",20.0729
"2022-02-08",20.011
"2022-02-09",20.2484
"2022-02-10",20.6983
"2022-02-11",20.5109
"2022-02-12",20.8903
"2022-02-13",20.9309
"2022-02-14",21.4685
"2022-02-15",21.0014
"2022-02-16",21.5702
"2022-02-17",21.7368
"2022-02-18",21.267
"2022-02-19",21.25
"2022-02-20",22.054
"2022-02-21",21.7007
"2022-02-22",19.8327
"2022-02-23",19.3262
"2022-02-24",18.8258
"2022-02-25",18.8406
"2022-02-26",20.0432
"2022-02-27",20.7773
"2022-02-28",20.647
"2022-03-01",20.1181
"2022-03-02",19.8011
"2022-03-03",20.9493
"2022-03-04",20.8964
"2022-03-05",20.8747
"2022-03-06",20.704
"2022-03-07",21.2085
"2022-03-08",21.3888
"2022-03-09",21.0422
"2022-03-10",21.3788
"2022-03-11",21.5216
"2022-03-12",21.7041
"2022-03-13",21.756
"2022-03-14",21.778
"2022-03-15",22.0333
"2022-03-16",22.2532
"2022-03-17",21.6657
"2022-03-18",21.2264
"2022-03-19",21.102
"2022-03-20",21.8676
"2022-03-21",21.9169
"2022-03-22",21.3856
"2022-03-23",21.7551
"2022-03-24",21.6072
"2022-03-25",21.9083
"2022-03-26",21.3383
"2022-03-27",21.1862
"2022-03-28",20.8009
"2022-03-29",20.0553
"2022-03-30",19.7445
"2022-03-31",19.3921
"2022-04-01",18.711
"2022-04-02",18.7007
"2022-04-03",19.273
"2022-04-04",20.2474
"2022-04-05",20.963
"2022-04-06",20.4238
"2022-04-07",20.4688
"2022-04-08",20.0877
"2022-04-09",20.2956
"2022-04-10",20.0412
"2022-04-11",20.6101
"2022-04-12",20.625
"2022-04-13",20.6338
"2022-04-14",20.4604
"2022-04-15",20.2304
"2022-04-16",20.7527
"2022-04-17",20.4062
"2022-04-18",20.525
"2022-04-19",20.2081
"2022-04-20",19.3064
"2022-04-21",18.6894
"2022-04-22",18.7645
"2022-04-23",18.3873
"2022-04-24",18.5553
"2022-04-25",18.9719
"2022-04-26",19.4998
"2022-04-27",19.2102
"2022-04-28",18.0322
"2022-04-29",18.4169
"2022-04-30",19.3395
"2022-05-01",19.3324
"2022-05-02",19.4119
"2022-05-03",18.6227
"2022-05-04",18.2497
"2022-05-05",17.8457
"2022-05-06",18.5066
"2022-05-07",18.6474
"2022-05-08",19.6357
"2022-05-09",20.0399
"2022-05-10",20.0124
"2022-05-11",19.8301
"2022-05-12",19.7117
"2022-05-13",19.617
"2022-05-14",19.5283
"2022-05-15",19.2402
"2022-05-16",18.4903
"2022-05-17",17.8899
"2022-05-18",17.7882
"2022-05-19",18.0869
"2022-05-20",18.6844
"2022-05-21",19.1519
"2022-05-22",19.9235
"2022-05-23",20.5318
"2022-05-24",19.7752
"2022-05-25",19.1168
"2022-05-26",19.1864
"2022-05-27",19.0762
"2022-05-28",18.8217
"2022-05-29",18.181
"2022-05-30",18.3351
"2022-05-31",18.5455
"2022-06-01",18.3583
"2022-06-02",17.9288
"2022-06-03",17.0518
"2022-06-04",17.2605
"2022-06-05",17.5041
"2022-06-06",17.469
"2022-06-07",18.0188
"2022-06-08",18.413
"2022-06-09",17.9043
"2022-06-10",17.6897
"2022-06-11",17.8088
"2022-06-12",17.535
"2022-06-13",17.1674
"2022-06-14",18.1563
"2022-06-15",18.5529
"2022-06-16",18.3075
"2022-06-17",17.3652
"2022-06-18",17.6765
"2022-06-19",16.8317
"2022-06-20",17.2901
"2022-06-21",17.5958
"2022-06-22",17.8246
"2022-06-23",17.229
"2022-06-24",16.6427
"2022-06-25",16.5178
"2022-06-26",17.3579
"2022-06-27",17.118
"2022-06-28",16.4656
"2022-06-29",16.1888
"2022-06-30",16.8576
"2022-07-01",15.3438
"2022-07-02",16.295
"2022-07-03",16.7085
"2022-07-04",16.8121
"2022-07-05",16.8549
"2022-07-06",16.8557
"2022-07-07",16.0796
"2022-07-08",15.5479
"2022-07-09",15.0966
"2022-07-10",15.9694
"2022-07-11",16.2568
"2022-07-12",14.8759
"2022-07-13",17.2296
"2022-07-14",16.2085
"2022-07-15",17.2185
"2022-07-16",16.6628
"2022-07-17",15.8239
"2022-07-18",16.6849
"2022-07-19",15.8745
"2022-07-20",15.8527
"2022-07-21",16.0883
"2022-07-22",15.8009
"2022-07-23",15.7814
"2022-07-24",16.6719
"2022-07-25",16.4251
"2022-07-26",16.2378
"2022-07-27",16.8578
"2022-07-28",16.5524
"2022-07-29",16.0919
"2022-07-30",16.9462
"2022-07-31",17.0507
"2022-08-01",16.6273
"2022-08-02",15.2554
"2022-08-03",15.6457
"2022-08-04",15.3274
"2022-08-05",15.3214
"2022-08-06",15.5514
"2022-08-07",14.7245
"2022-08-08",14.4405
"2022-08-09",15.659
"2022-08-10",16.7005
"2022-08-11",16.1819
"2022-08-12",16.1747
"2022-08-13",15.9017
"2022-08-14",16.9371
"2022-08-15",16.8236
"2022-08-16",17.6247
"2022-08-17",16.3819
"2022-08-18",17.4325
"2022-08-19",17.946
"2022-08-20",19.2906
"2022-08-21",19.4723
"2022-08-22",17.4622
"2022-08-23",16.0614
"2022-08-24",16.5996
"2022-08-25",16.2716
"2022-08-26",16.5625
"2022-08-27",14.7201
"2022-08-28",15.9819
"2022-08-29",17.9153
"2022-08-30",18.2879
"2022-08-31",16.7478
"2022-09-01",17.0399
"2022-09-02",16.6558
"2022-09-03",16.3661
"2022-09-04",17.1804
"2022-09-05",18.5147
"2022-09-06",17.7392
"2022-09-07",16.508
"2022-09-08",16.2684
"2022-09-09",16.6685
"2022-09-10",17.2945
"2022-09-11",17.5743
"2022-09-12",18.0588
"2022-09-13",17.6434
"2022-09-14",16.9322
"2022-09-15",16.2984
"2022-09-16",16.7558
"2022-09-17",17.1132
"2022-09-18",17.5374
"2022-09-19",18.7427
"2022-09-20",18.7884
"2022-09-21",19.007
"2022-09-22",18.8631
"2022-09-23",18.876
"2022-09-24",18.6635
"2022-09-25",18.7308
"2022-09-26",18.3586
"2022-09-27",18.5613
"2022-09-28",18.9633
"2022-09-29",19.1057
"2022-09-30",18.9049
"2022-10-01",19.2223
"2022-10-02",19.91
"2022-10-03",19.312
"2022-10-04",19.0895
"2022-10-05",19.7172
"2022-10-06",18.8268
"2022-10-07",18.6307
"2022-10-08",18.7409
"2022-10-09",18.2324
"2022-10-10",18.6827
"2022-10-11",18.7337
"2022-10-12",19.4113
"2022-10-13",19.5028
"2022-10-14",19.2031
"2022-10-15",19.5877
"2022-10-16",19.5646
"2022-10-17",20.0122
"2022-10-18",19.0961
"2022-10-19",19.3599
"2022-10-20",19.1022
"2022-10-21",19.5902
"2022-10-22",19.7686
"2022-10-23",19.6647
"2022-10-24",20.6461
"2022-10-25",20.8721
"2022-10-26",20.8504
"2022-10-27",20.4344
"2022-10-28",20.9561
"2022-10-29",20.9614
"2022-10-30",20.6268
"2022-10-31",19.2877
"2022-11-01",18.5768
"2022-11-02",18.0714
"2022-11-03",18.1838
"2022-11-04",19.3001
"2022-11-05",18.8451
"2022-11-06",18.4483
"2022-11-07",18.8035
"2022-11-08",18.9521
"2022-11-09",19.7513
"2022-11-10",19.1565
"2022-11-11",18.0467
"2022-11-12",17.9907
"2022-11-13",18.2567
"2022-11-14",17.132
"2022-11-15",17.655
"2022-11-16",17.4108
"2022-11-17",15.9684
"2022-11-18",17.8544
"2022-11-19",17.4866
"2022-11-20",18.0288
"2022-11-21",18.2656
"2022-11-22",17.9843
"2022-11-23",17.0447
"2022-11-24",17.4615
"2022-11-25",17.9188
"2022-11-26",18.0707
"2022-11-27",18.4717
"2022-11-28",18.1274
"2022-11-29",17.4639
"2022-11-30",17.4813
"2022-12-01",18.1112
"2022-12-02",18.0157
"2022-12-03",17.7733
"2022-12-04",17.6311
"2022-12-05",17.99
"2022-12-06",18.5066
"2022-12-07",18.843
"2022-12-08",18.1908
"2022-12-09",18.1369
"2022-12-10",18.4966
"2022-12-11",18.7848
"2022-12-12",17.7507
"2022-12-13",17.5923
"2022-12-14",18.4834
"2022-12-15",18.6004
"2022-12-16",18.9091
"2022-12-17",19.4236
"2022-12-18",19.506
"2022-12-19",19.2399
"2022-12-20",19.6667
"2022-12-21",19.2615
"2022-12-22",18.9136
"2022-12-23",18.8132
"2022-12-24",18.9207
"2022-12-25",19.4339
"2022-12-26",19.6775
"2022-12-27",18.152
"2022-12-28",18.6205
"2022-12-29",18.2627
"2022-12-30",18.0731
"2022-12-31",17.9014
"2023-01-01",18.3841
"2023-01-02",17.154
"2023-01-03",16.7037
"2023-01-04",17.038
"2023-01-05",17.6857
"2023-01-06",18.9216
"2023-01-07",19.2572
"2023-01-08",19.1663
"2023-01-09",19.0369
"2023-01-10",18.9056
"2023-01-11",19.2178
"2023-01-12",19.1617
"2023-01-13",19.3318
"2023-01-14",19.1439
"2023-01-15",19.2898
"2023-01-16",19.1622
"2023-01-17",18.8308
"2023-01-18",20.5042
"2023-01-19",20.6005
"2023-01-20",19.9927
"2023-01-21",20.091
"2023-01-22",19.5823
"2023-01-23",19.3205
"2023-01-24",19.5739
"2023-01-25",20.4221
"2023-01-26",20.736
"2023-01-27",19.5256
"2023-01-28",19.7537
"2023-01-29",20.0205
"2023-01-30",20.2113
"2023-01-31",20.2605
"2023-02-01",21.3662
"2023-02-02",21.2995
"2023-02-03",21.575
"2023-02-04",21.711
"2023-02-05",21.5379
"2023-02-06",21.594
"2023-02-07",21.0422
"2023-02-08",20.7575
"2023-02-09",20.5069
"2023-02-10",21.4335
"2023-02-11",20.6161
"2023-02-12",20.501
"2023-02-13",20.6321
"2023-02-14",20.7561
"2023-02-15",21.6357
"2023-02-16",21.0398
"2023-02-17",20.4021
"2023-02-18",20.081
"2023-02-19",19.9415
"2023-02-20",20.5003
"2023-02-21",21.161
"2023-02-22",21.3224
"2023-02-23",21.1848
"2023-02-24",21.5594
"2023-02-25",21.2727
"2023-02-26",21.387
"2023-02-27",20.4502
"2023-02-28",19.9832
"2023-03-01",21.1849
"2023-03-02",21.786
"2023-03-03",21.4307
"2023-03-04",21.4737
"2023-03-05",20.9922
"2023-03-06",21.086
"2023-03-07",20.9524
"2023-03-08",21.4507
"2023-03-09",21.8478
"2023-03-10",21.9047
"2023-03-11",21.0979
"2023-03-12",21.1635
"2023-03-13",21.4139
"2023-03-14",21.0117
"2023-03-15",20.5178
"2023-03-16",18.9592
"2023-03-17",19.3144
"2023-03-18",20.3022
"2023-03-19",20.514
"2023-03-20",20.1856
"2023-03-21",18.7509
"2023-03-22",18.9665
"2023-03-23",19.4182
"2023-03-24",20.1142
"2023-03-25",18.8659
"2023-03-26",18.4087
"2023-03-27",19.4821
"2023-03-28",19.4092
"2023-03-29",19.2003
"2023-03-30",19.5292
"2023-03-31",19.1484
"2023-04-01",19.1792
"2023-04-02",19.9151
"2023-04-03",19.294
"2023-04-04",19.0758
"2023-04-05",18.9424
"2023-04-06",18.8071
"2023-04-07",19.1944
"2023-04-08",18.4286
"2023-04-09",18.6554
"2023-04-10",19.3514
"2023-04-11",18.9757
"2023-04-12",18.8301
"2023-04-13",18.6481
"2023-04-14",18.7099
"2023-04-15",18.1654
"2023-04-16",18.7691
"2023-04-17",18.3098
"2023-04-18",18.7572
"2023-04-19",19.8087
"2023-04-20",20.2351
"2023-04-21",21.1065
"2023-04-22",18.5082
"2023-04-23",18.9971
"2023-04-24",19.0694
"2023-04-25",17.8714
"2023-04-26",17.6627
"2023-04-27",19.2707
"2023-04-28",17.5413
"2023-04-29",17.8869
"2023-04-30",17.8124
"2023-05-01",16.9916
"2023-05-02",18.2729
"2023-05-03",18.2573
"2023-05-04",19.2878
"2023-05-05",19.2764
"2023-05-06",18.7997
"2023-05-07",19.1714
"2023-05-08",18.8902
"2023-05-09",18.7831
"2023-05-10",18.5107
"2023-05-11",18.6664
"2023-05-12",19.269
"2023-05-13",18.9878
"2023-05-14",18.9342
"2023-05-15",19.0164
"2023-05-16",19.3414
"2023-05-17",18.8597
"2023-05-18",19.4445
"2023-05-19",19.2721
"2023-05-20",19.6597
"2023-05-21",19.599
"2023-05-22",19.6494
"2023-05-23",19.3456
"2023-05-24",19.3943
"2023-05-25",19.5096
"2023-05-26",18.0996
"2023-05-27",17.7874
"2023-05-28",18.1651
"2023-05-29",17.5945
"2023-05-30",17.8084
"2023-05-31",18.0761
"2023-06-01",18.3922
"2023-06-02",18.7385
"2023-06-03",18.2241
"2023-06-04",17.7873
"2023-06-05",18.4903
"2023-06-06",18.6
"2023-06-07",18.8254
"2023-06-08",19.0078
"2023-06-09",18.6906
"2023-06-10",19.0473
"2023-06-11",18.9386
"2023-06-12",19.1982
"2023-06-13",18.7031
"2023-06-14",19.1032
"2023-06-15",18.191
"2023-06-16",19.3649
"2023-06-17",18.0871
"2023-06-18",17.627
"2023-06-19",17.8683
"2023-06-20",18.7092
"2023-06-21",17.9811
"2023-06-22",17.9649
"2023-06-23",17.9796
"2023-06-24",17.8306
"2023-06-25",18.6924
"2023-06-26",17.5404
"2023-06-27",17.6247
"2023-06-28",18.596
"2023-06-29",17.5368
"2023-06-30",17.4137
"2023-07-01",16.7752
"2023-07-02",16.6305
"2023-07-03",16.4648
"2023-07-04",15.9762
"2023-07-05",16.5025
"2023-07-06",16.1964
"2023-07-07",16.1896
"2023-07-08",15.9996
"2023-07-09",16.9817
"2023-07-10",18.3236
"2023-07-11",18.3419
"2023-07-12",17.2606
"2023-07-13",16.5911
"2023-07-14",17.0571
"2023-07-15",16.1984
"2023-07-16",16.7678
"2023-07-17",16.4285
"2023-07-18",16.8991
"2023-07-19",17.3729
"2023-07-20",18.764
"2023-07-21",19.2273
"2023-07-22",17.3019
"2023-07-23",16.8676
"2023-07-24",17.6776
"2023-07-25",17.0718
"2023-07-26",16.7542
"2023-07-27",17.176
"2023-07-28",16.7279
"2023-07-29",17.3449
"2023-07-30",18.1242
"2023-07-31",19.5654
"2023-08-01",17.9809
"2023-08-02",16.8725
"2023-08-03",16.4005
"2023-08-04",16.2899
"2023-08-05",16.2355
"2023-08-06",16.7054
"2023-08-07",17.0723
"2023-08-08",17.2617
"2023-08-09",16.9676
"2023-08-10",17.046
"2023-08-11",17.7673
"2023-08-12",17.1181
"2023-08-13",17.4815
"2023-08-14",17.9259
"2023-08-15",19.1888
"2023-08-16",18.3828
"2023-08-17",17.756
"2023-08-18",17.6819
"2023-08-19",18.3367
"2023-08-20",19.0335
"2023-08-21",19.2673
"2023-08-22",19.7745
"2023-08-23",19.18
"2023-08-24",19.0077
"2023-08-25",19.0143
"2023-08-26",19.6034
"2023-08-27",19.7184
"2023-08-28",18.0141
"2023-08-29",18.4358
"2023-08-30",18.3862
"2023-08-31",18.1897
"2023-09-01",18.7174
"2023-09-02",18.8114
"2023-09-03",19.3859
"2023-09-04",19.1142
"2023-09-05",19.7464
"2023-09-06",19.9709
"2023-09-07",19.3635
"2023-09-08",17.9384
"2023-09-09",17.5275
"2023-09-10",18.8708
"2023-09-11",18.859
"2023-09-12",19.5555
"2023-09-13",18.6204
"2023-09-14",18.7975
"2023-09-15",18.1226
"2023-09-16",18.8254
"2023-09-17",19.8377
"2023-09-18",19.9462
"2023-09-19",19.2972
"2023-09-20",19.8322
"2023-09-21",20.3135
"2023-09-22",19.5769
"2023-09-23",19.0773
"2023-09-24",18.0792
"2023-09-25",20.3672
"2023-09-26",19.6571
"2023-09-27",19.8729
"2023-09-28",18.3944
"2023-09-29",19.4371
"2023-09-30",19.376
"2023-10-01",19.3242
"2023-10-02",20.5014
"2023-10-03",19.4802
"2023-10-04",18.26
"2023-10-05",18.282
"2023-10-06",19.4211
"2023-10-07",20.1873
"2023-10-08",20.6904
"2023-10-09",21.5403
"2023-10-10",20.9369
"2023-10-11",21.222
"2023-10-12",21.4338
"2023-10-13",21.9745
"2023-10-14",21.3809
"2023-10-15",20.533
"2023-10-16",19.492
"2023-10-17",20.2322
"2023-10-18",19.994
"2023-10-19",19.2378
"2023-10-20",19.69
"2023-10-21",19.8476
"2023-10-22",20.2027
"2023-10-23",20.4161
"2023-10-24",20.8039
"2023-10-25",20.6464
"2023-10-26",19.2253
"2023-10-27",19.776
"2023-10-28",19.8563
"2023-10-29",19.5905
"2023-10-30",19.9398
"2023-10-31",19.2161
"2023-11-01",20.0236
"2023-11-02",18.2649
"2023-11-03",16.9736
"2023-11-04",17.4239
"2023-11-05",18.37
"2023-11-06",18.7558
"2023-11-07",18.8071
"2023-11-08",18.1172
"2023-11-09",18.8001
"2023-11-10",18.5782
"2023-11-11",17.6384
"2023-11-12",18.3014
"2023-11-13",18.2649
"2023-11-14",18.8868
"2023-11-15",18.7965
"2023-11-16",18.517
"2023-11-17",18.6411
"2023-11-18",18.9089
"2023-11-19",18.7927
"2023-11-20",17.9021
"2023-11-21",16.9861
"2023-11-22",17.7281
"2023-11-23",17.8065
"2023-11-24",17.3977
"2023-11-25",17.8191
"2023-11-26",18.3382
"2023-11-27",19.1974
"2023-11-28",18.5221
"2023-11-29",18.8706
"2023-11-30",18.79
"2023-12-01",18.727
"2023-12-02",19.2483
"2023-12-03",18.9705
"2023-12-04",18.8251
"2023-12-05",18.871
"2023-12-06",18.9692
"2023-12-07",19.4458
"2023-12-08",19.281
"2023-12-09",19.2714
"2023-12-10",18.5894
"2023-12-11",19.2594
"2023-12-12",19.8125
"2023-12-13",20.0179
"2023-12-14",19.1301
"2023-12-15",18.691
"2023-12-16",18.1966
"2023-12-17",18.7529
"2023-12-18",19.059
"2023-12-19",18.9196
"2023-12-20",19.5289
"2023-12-21",19.7533
"2023-12-22",19.249
"2023-12-23",19.1839
"2023-12-24",19.3235
"2023-12-25",19.7225
"2023-12-26",18.9915
"2023-12-27",19.1668
"2023-12-28",20.0864
"2023-12-29",20.0938
"2023-12-30",20.357
"2023-12-31",20.3087
"2024-01-01",20.3526
"2024-01-02",20.5546
"2024-01-03",20.453
"2024-01-04",20.3467
"2024-01-05",19.6106
"2024-01-06",19.4355
"2024-01-07",18.991
"2024-01-08",19.6428
"2024-01-09",19.9596
"2024-01-10",18.312
"2024-01-11",18.8041
"2024-01-12",19.214
"2024-01-13",18.3251
"2024-01-14",19.1572
"2024-01-15",19.7922
"2024-01-16",19.8176
"2024-01-17",20.063
"2024-01-18",19.1578
"2024-01-19",20.3109
"2024-01-20",19.5578
"2024-01-21",19.4152
"2024-01-22",19.4675
"2024-01-23",20.0621
"2024-01-24",20.4199
"2024-01-25",20.3081
"2024-01-26",20.1095
"2024-01-27",20.3954
"2024-01-28",20.2152
"2024-01-29",20.5006
"2024-01-30",20.1908
"2024-01-31",20.0128
"2024-02-01",20.1172
"2024-02-02",20.7884
"2024-02-03",21.1891
"2024-02-04",20.1845
"2024-02-05",20.4892
"2024-02-06",20.9989
"2024-02-07",20.4986
"2024-02-08",20.2309
"2024-02-09",20.9204
"2024-02-10",20.4837
"2024-02-11",20.6913
"2024-02-12",20.696
"2024-02-13",21.1447
"2024-02-14",21.6188
"2024-02-15",21.7954
"2024-02-16",21.356
"2024-02-17",21.3605
"2024-02-18",22.6849
"2024-02-19",22.6365
"2024-02-20",22.1179
"2024-02-21",22.1312
"2024-02-22",21.1153
"2024-02-23",20.0622
"2024-02-24",18.9204
"2024-02-25",21.6858
"2024-02-26",22.3554
"2024-02-27",21.5352
"2024-02-28",20.1367
"2024-02-29",21.5473
"2024-03-01",21.3807
"2024-03-02",21.2347
"2024-03-03",21.4677
"2024-03-04",21.5976
"2024-03-05",19.9423
"2024-03-06",20.182
"2024-03-07",20.7195
"2024-03-08",21.5031
"2024-03-09",21.3558
"2024-03-10",21.2357
"2024-03-11",21.2319
"2024-03-12",21.2495
"2024-03-13",21.7441
"2024-03-14",21.2072
"2024-03-15",20.3418
"2024-03-16",20.8429
"2024-03-17",22.3856
"2024-03-18",21.8343
"2024-03-19",22.0217
"2024-03-20",21.7509
"2024-03-21",22.1495
"2024-03-22",21.8762
"2024-03-23",22.0051
"2024-03-24",20.7739
"2024-03-25",20.7194
"2024-03-26",21.2266
"2024-03-27",20.3038
"2024-03-28",20.48
"2024-03-29",20.2673
"2024-03-30",19.905
"2024-03-31",19.5652